{"cameraMode":{"drawMode":0,"name":"Shaded","section":"Shading Mode"},"sceneLighting":false,"audioPlay":false,"sceneViewState":{"showFog":true,"showMaterialUpdate":false,"showSkybox":false,"showFlares":true,"showImageEffects":true,"showParticleSystems":true},"in2DMode":false,"pivot":{"x":1.7881393432617188e-7,"y":0.8664480447769165,"z":-0.32435253262519839},"rotation":{"x":0.10483190417289734,"y":-0.07303204387426377,"z":0.007719940040260553,"w":0.9917805790901184},"size":1.3315328359603882,"orthographic":false}